team,rating
Man Utd,1529.3443429404006
Liverpool,1521.9760765320787
Tottenham,1511.135818577044
Man City,1487.077969476308
Chelsea,1477.4053959041253
Arsenal,1473.0603965700436
