team,rating
Chelsea,1535.2496158153197
Liverpool,1512.0427099591184
Man City,1498.0406120053105
Arsenal,1498.0291023908098
Tottenham,1496.819410585376
Man Utd,1459.8185492440655
